{"Nags Head, NC":[-75.6240619,35.9573923,"",[]],"Swanquarter, NC":[-76.329086,35.4062781,"",[]],"Belhaven, NC":[-76.6229873,35.5401653,"",[]],"Greenville, NC":[-77.3663537,35.612661,"",[]],"Wake Forest, NC":[-78.5103426,35.9803097,"",[]],"Chapel Hill, NC":[-79.0558444,35.9131996,"",[]],"Winston-Salem, NC":[-80.2440517,36.0998131,"",[]],"Charlotte, NC":[-80.8431267,35.2270869,"",[]],"Forest City, NC":[-81.8651027,35.3340108,"",[]],"Asheville, NC":[-82.554016,35.6009498,"",[]],"Waynesville, NC":[-82.9888724,35.4887476,"",[]],"Gatlinburg, TN":[-83.5101637,35.714259,"",[]],"Maryville, TN":[-83.9704592,35.7564719,"",[]],"Cleveland, TN":[-84.8766114,35.1595182,"",[]],"Dunlap, TN":[-85.3905208,35.3714575,"",[]],"Sewanee, TN":[-85.9210898,35.2031373,"",[]],"Pulaski, TN":[-87.0308411,35.1998023,"",[]],"Adamsville, TN":[-88.3905964,35.2359146,"",[]],"Bolivar, TN":[-88.9878388,35.2561937,"",[]],"Memphis, TN":[-90.0516284,35.1490215,"",[]],"Forrest City, AR":[-90.7898341,35.0081474,"",[]],"Little Rock, AR":[-92.2895947,34.7464809,"",[]],"Clarksville, AR":[-93.466573,35.4714724,"",[]],"Fayetteville, AR":[-94.2098667223,36.111508,"",[]],"Grove, OK":[-94.7691185,36.5936863,"",[]],"Bartlesville, OK":[-95.9808178,36.7473114,"",[]],"Arkansas City, KS":[-97.0385749,37.0620507,"",[]],"Wichita, KS":[-97.3375447,37.6922361,"",[]],"Stafford, KS":[-98.7188159,38.0350094,"",[]],"Dodge City, KS":[-100.0170786,37.7527982,"",[]],"Garden City, KS":[-100.8726617,37.9716898,"",[]],"Lamar, CO":[-102.6207496,38.0872306,"",[]],"Rocky Ford, CO":[-103.7202273,38.052508,"",[]],"Pueblo, CO":[-104.6091409,38.2544472,"",[]],"Colorado Springs, CO":[-104.8253484,38.8339578,"",[]],"Buena Vista, CO":[-106.1311287,38.8422178,"",[]],"Gunnison, CO":[-106.9253206,38.5458246,"",[]],"Ridgeway, CO":[-107.757,38.152,"",[]],"Durango, CO":[-107.8799421,37.2753739,"",[]],"Cortez, CO":[-108.5872364,37.3493752,"",[]],"Bluff, UT":[-109.552912,37.28401,"",[]],"Kayenta, AZ":[-110.2606012,36.717954,"",[]],"Tuba City, AZ":[-111.2403033,36.1355819,"",[]],"Desert View, AZ":[-111.826,36.044,"",[]],"Williams, AZ":[-112.186948,35.2503394,"",[]],"Prescott, AZ":[-112.4695072,34.5402813,"",[]],"Wickenburg, AZ":[-112.7301352,33.9680962,"",[]],"Wenden, AZ":[-113.545830909,33.8335125,"",[]],"Blythe, CA":[-114.912072512,33.5602861,"",[]],"Brawley, CA":[-115.515942408,33.018515,"",[]],"Julian, CA":[-116.6023153,33.078597,"",[]],"El Cajon, CA":[-116.9625268,32.7947731,"",[]],"San Diego, CA":[-117.1627713,32.7174209,"",[]]}
