{"Charleston, SC":[-79.9402727,32.7876012,"",[]],"Pinopolis, SC":[-80.0371789,33.226709,"",[]],"Sumter, SC":[-80.3414692,33.9204354,"",[]],"Columbia, SC":[-81.0343312,34.0007493,"",[]],"Newberry, SC":[-81.6188632,34.2753247,"",[]],"Greenville, SC":[-82.3984881,34.851354,"",[]],"Hartwell, GA":[-82.9320869,34.3528825,"",[]],"Athens, GA":[-83.3766779,33.9595974,"",[]],"Norcross, GA":[-84.2135308,33.9412127,"",[]],"Rome, GA":[-85.1646725,34.257038,"",[]],"Scottsboro, AL":[-86.0338764,34.6731323,"",[]],"Decatur, AL":[-87.0515068373,34.61881,"",[]],"Hamilton, AL":[-87.9886437,34.1423235,"",[]],"Tupelo, MS":[-88.7250268096,34.2634615,"",[]],"Oxford, MS":[-89.5187663,34.3664127,"",[]],"West Helena, MS":[-90.6444,34.546,"",[]],"Stuttgart, AR":[-91.5376953619,34.473562,"",[]],"Little Rock, AR":[-92.2895947,34.7464809,"",[]],"Russellville, AR":[-93.1337855,35.2784173,"",[]],"Fort Smith, AR":[-94.4248982,35.3872218,"",[]],"Henryetta, OK":[-95.9819428,35.4398261,"",[]],"Oklahoma City, OK":[-97.5170535,35.4729886,"",[]],"Watonga, OK":[-98.4131279,35.8447654,"",[]],"Arnett, OK":[-99.7748383,36.1350421,"",[]],"Spearman, TX":[-101.1923794,36.1983665,"",[]],"Dalhart, TX":[-102.51357618,36.05429705,"",[]],"Des Moines, NM":[-103.8331417,36.7633643,"",[]],"Trinidad, CO":[-104.500541,37.169397,"",[]],"Walsenburg, CO":[-104.7803261,37.6245328,"",[]],"Pueblo, CO":[-104.6091409,38.2544472,"",[]],"Colorado Springs, CO":[-104.8253484,38.8339578,"",[]],"Hartsel, CO":[-105.7967841,39.0216302,"",[]],"Twin Lakes, CO":[-106.381,39.0828,"",[]],"Carbondale, CO":[-107.2111627,39.4022054,"",[]],"Meeker, CO":[-107.9131298,40.0374733,"",[]],"Vernal, UT":[-109.5287478,40.4555157,"",[]],"Duchesne, UT":[-110.4715152,40.2960433,"",[]],"Provo, UT":[-111.6585336,40.2338438,"",[]],"Salt Lake City, UT":[-111.8904307,40.7670126,"",[]],"Brigham City, UT":[-112.0155618,41.5103717,"",[]],"Snowville, UT":[-112.7103524,41.9654058,"",[]],"Burley, ID":[-113.7927947,42.5357428,"",[]],"Twin Falls, ID":[-114.460871,42.5629668,"",[]],"Mountain Home, ID":[-115.6911974,43.1329504,"",[]],"Caldwell, ID":[-116.6894155,43.6678736,"",[]],"Ontario, OR":[-116.9629377,44.0265525,"",[]],"Juntura, OR":[-118.0796248,43.7446021,"",[]],"Burns, OR":[-119.0541031,43.5862607,"",[]],"Wagontire, OR":[-119.8767516,43.2500294,"",[]],"Lakeview, OR":[-120.3457919,42.1887721,"",[]],"Alturas, CA":[-120.542327,41.487123,"",[]],"Cassel, CA":[-121.5477608,40.9190499,"",[]],"Lassen Volcanic National Park, CA":[-121.404609417,40.4915974,"",[]],"Chico, CA":[-121.8374776,39.7284945,"",[]],"Colusa, CA":[-122.2209562,39.1465578,"",[]],"Davis, CA":[-121.7445834,38.545379,"",[]],"Livermore, CA":[-121.768053,37.6820583,"",[]],"San Jose, CA":[-121.8905832,37.3361905,"",[]],"Santa Cruz, CA":[-122.0294258,36.9746099,"",[]]}
