{ "New Haven, CT":[-72.9250517,41.3082138,"",[]],"Danbury, CT":[-73.454011,41.394817,"",[]],"Middletown, NY":[-74.422934,41.4459271,"",[]],"Stroudsburg, PA":[-75.1946247,40.9867609,"",[]],"Schuylkill Haven, PA":[-76.1710539,40.6306464,"",[]],"Harrisburg, PA":[-76.8861121,40.2663107,"",[]],"McConnellsburg, PA":[-77.9988905,39.932589,"",[]],"Cumberland, MD":[-78.7624713,39.6528509,"",[]],"Parsons, WV":[-79.6809331,39.0968695,"",[]],"Weston, WV":[-80.4673129,39.0384274,"",[]],"Marietta, OH":[-81.4548435,39.415352,"",[]],"Wellston, OH":[-82.5329376,39.1234054,"",[]],"Huntington, WV":[-82.4451539,38.4192496,"",[]],"Paris, KY":[-84.2529868,38.2097987,"",[]],"Louisville, KY":[-85.7594069,38.2542376,"",[]],"Bedford, IN":[-86.4872148,38.8611619,"",[]],"Linton, IN":[-87.1658457,39.0347666,"",[]],"Effingham, IL":[-88.5434799,39.1201433,"",[]],"Pana, IL":[-89.0800808,39.3889311,"",[]],"Springfield, IL":[-89.6443687,39.7989763,"",[]],"Pittsfield, IL":[-90.805,39.608,"",[]],"Hannibal, MO":[-91.3586881,39.7085941,"",[]],"Moberly, MO":[-92.4382366,39.4183689,"",[]],"Richmond, MO":[-93.977,39.2786,"",[]],"Lawrence, KS":[-95.2359495,38.9719384,"",[]],"Manhattan, KS":[-96.5716693,39.1836082,"",[]],"Beloit, KS":[-98.1082823,39.4586841,"",[]],"Red Cloud, NE":[-98.5195048,40.0889025,"",[]],"Alma, NE":[-99.3620426,40.0975108,"",[]],"McCook, NE":[-100.6257075,40.2019478,"",[]],"Holyoke, CO":[-102.3024102,40.584437,"",[]],"Brush, CO":[-103.6234735,40.2584914,"",[]],"Loveland, CO":[-105.07498,40.3977612,"",[]],"Estes Park, CO":[-105.5232168,40.3771926,"",[]],"Granby, CO":[-105.9394596,40.0860969,"",[]],"Breckenridge, CO":[-106.0383517,39.4816537,"",[]],"Salida, CO":[-105.9989022,38.5347193,"",[]],"Gunnison, CO":[-106.9253206,38.5458246,"",[]],"Montrose, CO":[-107.8777768,38.478504,"",[]],"Grand Junction, CO":[-108.5507316,39.063956,"",[]],"Moab, UT":[-109.5462145,38.5738096,"",[]],"Green River, UT":[-110.1596,38.996,"",[]],"Torrey, UT":[-111.4204704,38.2997368,"",[]],"Salina, UT":[-111.8599249,38.9577407,"",[]],"Delta, UT":[-112.5771699,39.3521777,"",[]],"Baker, NV":[-114.1233263,39.0121773,"",[]],"Ely, NV":[-114.8902767,39.2473992,"",[]],"Eureka, NV":[-115.9608,39.5125,"",[]],"Austin, NV":[-117.0695385,39.4932592,"",[]],"Fallon, NV":[-118.7783955,39.4738129,"",[]],"Sparks, NV":[-119.7527682,39.5348431,"",[]],"South Lake Tahoe, CA":[-119.98784639,38.929125,"",[]],"Jackson, CA":[-120.7717719,38.3511995,"",[]],"Stockton, CA":[-121.2907795,37.9577016,"",[]],"Palo Alto, CA":[-122.1634471,37.442156,"",[]],"Half Moon Bay, CA":[-122.4285861,37.4635519,"",[]] }
